{
	"format_version": "1.14.0",
	"minecraft:npc_dialogue": {
		"scenes": [
			{
				"scene_tag": "thesis_dialogue_mission1_fight_monster",
				"npc_name": "NPC",
				"text": "Help！Somebody help me get rid of this monster!!",
				"buttons": [
					{
						"name": "Fight Monster",
						"commands": ["/gamemode adventure @p", "/summon Skeleton"]
					}
				],
				"on_close_commands": ["/dialogue change @e[family=npc,r=8,c=1] thesis_dialogue_day1_entry"]
			},
			{
				"scene_tag": "thesis_dialogue_day1_entry",
				"npc_name": "NPC",
				"text": "Help！Somebody help me get rid of this monster!!",
				"buttons": [
					{
						"name": "You safe now",
						"commands": ["/dialogue open @s @initiator thesis_dialogue_thankful", "/gamemode creative @p"]
					}
				]
			},
			{
				"scene_tag": "thesis_dialogue_thankful",
				"npc_name": "NPC",
				"text": "I don’t know who you are, but thanks for saving me from that monster. \n\nI don't know when it started to appear, it just keeps chasing me wherever I go, even in my dreams. \n\nIt became my nightmare, and it drives me nuts.",
				"buttons": [
					{
						"name": "Who are you",
						"commands": ["/dialogue open @s @initiator thesis_dialogue_mission2_rename_npc"]
					}
				]
			},
			{
				"scene_tag": "thesis_dialogue_mission2_rename_npc",
				"npc_name": "NPC",
				"text": "Who am...I？ I couldn't remember. Call me whatever you want.\n(Hint: Press t to open the dialogue.\nUse this command to rename NPC \n/tag @e[type=NPC] add [Name])",
				"buttons": [
					{
						"name": "How about...",
						"commands": ["/dialogue change @e[family=npc,r=8,c=1] thesis_dialogue_mission2_rename_npc_2"]
					}
				]
			},
			{
				"scene_tag": "thesis_dialogue_mission2_rename_npc_2",
				"npc_name": "NPC",
				"text": "Who am...I？ I couldn't remember. Call me whatever you want.\n(Hint: Press t to open the dialogue.\nUse this command to rename NPC \n/tag @e[type=NPC] add [Name])",
				"buttons": [
					{
						"name": "Confirm name",
						"commands": ["/dialogue open @s @initiator thesis_dialogue_intro"]
					}
				]
			},
			{
				"scene_tag": "thesis_dialogue_intro",
				"npc_name": "NPC",
				"text": "Cool！\n",
				"buttons": [
					{
						"name": "Why you here",
						"commands": ["/dialogue open @s @initiator thesis_dialogue_intro_2"]
					}
				]
			},
			{
				"scene_tag": "thesis_dialogue_intro_2",
				"npc_name": "NPC",
				"text": "I just woke up one day，and I found I was in this world already.\n\nI spent lots of days and nights here, but I couldn't find a way out. \n\nI feel so cold and lonely, and suddenly you appear! \n\nYou are the first person I see, you must be the one to save me from here!!  \n",
				"buttons": [
					{
						"name": "Am I...? How?",
						"commands": ["/dialogue open @s @initiator thesis_dialogue_mission3_find_selector"]
					}
				]
			},
			{
				"scene_tag": "thesis_dialogue_mission3_find_selector",
				"npc_name": "NPC",
				"text": "You need to find a place to hide from those monsters first. \n\nGet yourself a house. Mine is there.\n\n(Hint: Press E to open Inventory, find your \"Structure Selector\" in the \"Nature\" panel）",
				"buttons": [
					{
						"name": "Ok",
						"commands": ["/dialogue open @s @initiator thesis_dialogue_mission3_set_location"]
					}
				]
			},
			{
				"scene_tag": "thesis_dialogue_mission3_set_location",
				"npc_name": "NPC",
				"text": "Do you like it here？\n\nHere seems a good choice.\n",
				"buttons": [
					{
						"name": "Yes, here",
						"commands": ["/dialogue open @s @initiator thesis_dialogue_mission4_house_photo"]
					},
					{
						"name": "Other place",
						"commands": ["/dialogue change @e[family=npc,r=8,c=1] thesis_dialogue_mission3_set_location"]
					}
				]
			},
			{
				"scene_tag": "thesis_dialogue_mission4_house_photo",
				"npc_name": "NPC",
				"text": "Lovely！\n\nNow, take a photo to celebrate.\n(Hint: Take a screenshot of your position, your house, and trees that make you feel comfortable.)",
				"buttons": [
					{
						"name": "Love the pic",
						"commands": ["/dialogue change @e[family=npc,r=8,c=1] thesis_dialogue_mission4_house_photo_2"]
					},
					{
						"name": "Come in visit?",
						"commands": ["/dialogue open @s @initiator thesis_dialogue_invitation"]
					}
				],
				"on_close_commands": ["/time set sunset"]
			},
			{
				"scene_tag": "thesis_dialogue_invitation",
				"npc_name": "NPC",
				"text": "……Not yet",
				"buttons": [
					{
						"name": "Okay...",
						"commands": ["/dialogue change @e[family=npc,r=8,c=1] thesis_dialogue_mission4_house_photo_2"]
					}
				],
				"on_close_commands": ["/time set midnight"]
			},
			{
				"scene_tag": "thesis_dialogue_mission4_house_photo_2",
				"npc_name": "NPC",
				"text": "Lovely！\n\nNow, take a photo to celebrate.\n(Hint: Take a screenshot of your position, your house, and trees that make you feel comfortable.)",
				"buttons": [
					{
						"name": "Love the pic",
						"commands": ["/time set sunrise"]
					},
					{
						"name": "Come in visit?",
						"commands": ["/dialogue open @s @initiator thesis_dialogue_day2"]
					}
				]
			},
			{
				"scene_tag": "thesis_dialogue_day2",
				"npc_name": "NPC",
				"text": "……Not yet",
				"buttons": [
					{
						"name": "Okay...",
						"commands": ["/dialogue change @e[family=npc,r=8,c=1] thesis_dialogue_day2_entry"]
					}
				],
				"on_close_commands": ["/time set sunrise"]
			},
			{
				"scene_tag": "thesis_dialogue_day2_entry",
				"npc_name": "NPC",
				"text": "Morning…",
				"buttons": [
					{
						"name": "What you doing?",
						"commands": ["/dialogue open @s @initiator thesis_dialogue_mission5_collecting"]
					}
				]
			},
			{
				"scene_tag": "thesis_dialogue_mission5_collecting",
				"npc_name": "NPC",
				"text": "I’m collecting material to craft a controller. Would you please bring me 10 (material)? They are in the woods next to the (specific location needed).",
				"buttons": [
					{
						"name": "On my way",
						"commands": ["/dialogue change @e[family=npc,r=8,c=1] thesis_dialogue_mission5_collecting_2"]
					}
				]
			},
			{
				"scene_tag": "thesis_dialogue_mission5_collecting_2",
				"npc_name": "NPC",
				"text": "I’m collecting material to craft a controller. Would you please bring me 10 (material)? They are in the woods next to the (specific location needed).",
				"buttons": [
					{
						"name": "Here you go",
						"commands": ["/dialogue open @s @initiator thesis_dialogue_mission6_crafting"]
					}
				]
			},
			{
				"scene_tag": "thesis_dialogue_mission6_crafting",
				"npc_name": "NPC",
				"text": "Thank you. Now I have got everything I need, but I’m not sure how much I need exactly /the order to put them in.\nWould you please help me to test it out? \n(Hint: Press E to open Inventory; craft tab is on the right.)\n",
				"buttons": [
					{
						"name": "Let me try ",
						"commands": ["/dialogue change @e[family=npc,r=8,c=1] thesis_dialogue_mission6_crafting"]
					},
					{
						"name": "Sorry, no clue ",
						"commands": ["/dialogue open @s @initiator thesis_dialogue_misunderstanding"]
					}
				]
			},
			{
				"scene_tag": "thesis_dialogue_misunderstanding",
				"npc_name": "NPC",
				"text": "I can’t either…How come?! I remember that piece of note says this way.\nI want to leave here! Please, let me get out of here! \n",
				"buttons": [
					{
						"name": "Do you think I am unable to figure this out? The key out of this world is on a random note?! ",
						"commands": ["/dialogue open @s @initiator thesis_dialogue_fire_spread"]
					}
				]
			},
			{
				"scene_tag": "thesis_dialogue_fire_spread",
				"npc_name": "NPC",
				"text": "NO! I never thought of you in this way. That note is from the former owner of my house. He wrote that he left this world by crafting this controller. Why don’t you trust me? Why am I in this world? I’ve never committed a crime, but I feel like I am trapped or in jail. Actually, this place feels worse than jail. I live in hopelessness every day; not even for a moment can I escape from it. My feelings and emotions of the brightness are fading away! I’m dying in this world, only this fire reminds me I’m still alive!  I don’t want to talk to the cookware or the door anymore because they are not real. I need help. ",
				"buttons": [
					{
						"name": "I need to get you out of here!! ",
						"commands": ["/dialogue open @s @initiator thesis_dialogue_mission7_save_fire"]
					}
				]
			},
			{
				"scene_tag": "thesis_dialogue_mission7_save_fire",
				"npc_name": "NPC",
				"text": "Trust me！Please trust me that the note will work. Please help me escape from this world! ",
				"buttons": [
					{
						"name": "Let’s go!",
						"commands": ["/dialogue change @e[family=npc,r=8,c=1] thesis_dialogue_appology"]
					}
				]
			},
			{
				"scene_tag": "thesis_dialogue_appology",
				"npc_name": "NPC",
				"text": "……",
				"buttons": [
					{
						"name": "Are you OK now?",
						"commands": ["/dialogue open @s @initiator thesis_dialogue_appology_2"]
					}
				]
			},
			{
				"scene_tag": "thesis_dialogue_appology_2",
				"npc_name": "NPC",
				"text": "I am better. I am sorry if I hurt you. I didn’t mean to. ",
				"buttons": [
					{
						"name": "You hurt worse than me. How come?",
						"commands": ["/dialogue open @s @initiator thesis_dialogue_myth_of_fire"]
					}
				]
			},
			{
				"scene_tag": "thesis_dialogue_myth_of_fire",
				"npc_name": "NPC",
				"text": "I don’t know. I can’t …control the fire. When I feel sad, alone, scared, or trapped, I end up hurting myself. I don’t really want to be like this. I don’t want you to discover this and be afraid of me, but also expect this to happen again.",
				"buttons": [
					{
						"name": "I believe in you",
						"commands": ["/dialogue open @s @initiator thesis_dialogue_myth_of_fire_2"]
					}
				]
			},
			{
				"scene_tag": "thesis_dialogue_myth_of_fire_2",
				"npc_name": "NPC",
				"text": "But I don’t even believe in myself. And I worry I will disappoint you.",
				"buttons": [
					{
						"name": "Let’s try the craft again. We will escape from here",
						"commands": ["/dialogue change @e[family=npc,r=8,c=1] thesis_dialogue_success"]
					}
				]
			},
			{
				"scene_tag": "thesis_dialogue_success",
				"npc_name": "NPC",
				"text": "I made it!! It was the exact same order and materials. Why did I succeed this time？",
				"buttons": [
					{
						"name": "Trust and support",
						"commands": ["/dialogue open @s @initiator thesis_dialogue_success_2"]
					}
				]
			},
			{
				"scene_tag": "thesis_dialogue_success_2",
				"npc_name": "NPC",
				"text": "Yes, the only difference is you! You’re now believing in me. We stood together and overcame the fire together. You listened to me and understood me. This was the key to success. ",
				"buttons": [
					{
						"name": "What is this black stuff ",
						"commands": ["/dialogue open @s @initiator thesis_dialogue_myth_of_firetilizer_1"]
					}
				]
			},
			{
				"scene_tag": "thesis_dialogue_myth_of_firetilizer_1",
				"npc_name": "NPC",
				"text": "Look at the flowers！The fire burned everything down, but this flower stays and grows. The fire and black stuff might help the flower to grow even better.",
				"buttons": [
					{
						"name": "Cool, do you want to come visit my house now?",
						"commands": ["/dialogue open @s @initiator thesis_dialogue_myth_of_firetilizer_2"]
					}
				]
			},
			{
				"scene_tag": "thesis_dialogue_myth_of_firetilizer_2",
				"npc_name": "NPC",
				"text": "Yes, I think I’m ready. I’ll come later.",
				"buttons": [
					{
						"name": "See you later",
						"commands": ["/dialogue change @e[family=npc,r=8,c=1] thesis_dialogue_future_plans_1"]
					}
				]
			},
			{
				"scene_tag": "thesis_dialogue_future_plans_1",
				"npc_name": "NPC",
				"text": "Knock, knock! Look at the flowers. I put the firetilizer- fire fertilizer- the black stuff on the flower. It became the most beautiful flower I’ve ever seen.  So, I bring this as a “Thank you” gift for you!",
				"buttons": [
					{
						"name": "You’re welcome. What are your future plans?",
						"commands": ["/dialogue open @s @initiator thesis_dialogue_future_plans_2"]
					}
				]
			},
			{
				"scene_tag": "thesis_dialogue_future_plans_2",
				"npc_name": "NPC",
				"text": "I want to open a flower shop to sell this gorgeous flower. I just found out that my fire has something good. I can now use the controller to transform it into the “firetilizer” before it spreads and causes harm to me and those around me. Would you please help me with this business?",
				"buttons": [
					{
						"name": "Absolutely! Welcome back!",
						"commands": ["/dialogue open @s @initiator thesis_dialogue_true_name"]
					}
				]
			},
			{
				"scene_tag": "thesis_dialogue_true_name",
				"npc_name": "NPC",
				"text": "By the way, I’m Phoenix. You can call me Phyn."
			}
		]
	}
}